item_id,name,flag,column,url,filename,local_file
11410429687,Ameh Ebuta Street from Babafemi Ogudipe RoardB,👍,external,https://delteq-squad.monday.com/protected_static/8981894/resources/2797986087/TimePhoto_20260303_102057.jpg,TimePhoto_20260303_102057.jpg,11410429687_external_ameh-ebuta-street-from-babafemi-ogudipe-_TimePhoto_20260303_102057.jpg
11410429687,Ameh Ebuta Street from Babafemi Ogudipe RoardB,👍,internal,https://delteq-squad.monday.com/protected_static/8981894/resources/2797988305/TimePhoto_20260303_102606.jpg,TimePhoto_20260303_102606.jpg,11410429687_internal_ameh-ebuta-street-from-babafemi-ogudipe-_TimePhoto_20260303_102606.jpg
11410429687,Ameh Ebuta Street from Babafemi Ogudipe RoardB,👍,pole,https://delteq-squad.monday.com/protected_static/8981894/resources/2797989150/TimePhoto_20260303_102309.jpg,TimePhoto_20260303_102309.jpg,11410429687_pole_ameh-ebuta-street-from-babafemi-ogudipe-_TimePhoto_20260303_102309.jpg
11410509018,Amed Ebute facing back to Babafemi Ogudipe the second hand,👍,external,https://delteq-squad.monday.com/protected_static/8981894/resources/2798010243/TimePhoto_20260303_105118.jpg,TimePhoto_20260303_105118.jpg,11410509018_external_amed-ebute-facing-back-to-babafemi-ogudi_TimePhoto_20260303_105118.jpg
11410509018,Amed Ebute facing back to Babafemi Ogudipe the second hand,👍,internal,https://delteq-squad.monday.com/protected_static/8981894/resources/2798011951/TimePhoto_20260303_105156.jpg,TimePhoto_20260303_105156.jpg,11410509018_internal_amed-ebute-facing-back-to-babafemi-ogudi_TimePhoto_20260303_105156.jpg
11410509018,Amed Ebute facing back to Babafemi Ogudipe the second hand,👍,pole,https://delteq-squad.monday.com/protected_static/8981894/resources/2798011949/TimePhoto_20260303_105351.jpg,TimePhoto_20260303_105351.jpg,11410509018_pole_amed-ebute-facing-back-to-babafemi-ogudi_TimePhoto_20260303_105351.jpg
11410509018,Amed Ebute facing back to Babafemi Ogudipe the second hand,👍,pole,https://delteq-squad.monday.com/protected_static/8981894/resources/2798012485/TimePhoto_20260303_105717.jpg,TimePhoto_20260303_105717.jpg,11410509018_pole_amed-ebute-facing-back-to-babafemi-ogudi_TimePhoto_20260303_105717.jpg
11410602122,Ifeay Uguayi Crescent from the right hand,👍,external,https://delteq-squad.monday.com/protected_static/8981894/resources/2798040444/TimePhoto_20260303_105734.jpg,TimePhoto_20260303_105734.jpg,11410602122_external_ifeay-uguayi-crescent-from-the-right-han_TimePhoto_20260303_105734.jpg
11410602122,Ifeay Uguayi Crescent from the right hand,👍,internal,https://delteq-squad.monday.com/protected_static/8981894/resources/2798040953/TimePhoto_20260303_111623.jpg,TimePhoto_20260303_111623.jpg,11410602122_internal_ifeay-uguayi-crescent-from-the-right-han_TimePhoto_20260303_111623.jpg
11410602122,Ifeay Uguayi Crescent from the right hand,👍,pole,https://delteq-squad.monday.com/protected_static/8981894/resources/2798041735/TimePhoto_20260303_111806.jpg,TimePhoto_20260303_111806.jpg,11410602122_pole_ifeay-uguayi-crescent-from-the-right-han_TimePhoto_20260303_111806.jpg
11410644932,Ifeay Uguayi from the left hands,👍,external,https://delteq-squad.monday.com/protected_static/8981894/resources/2798063680/TimePhoto_20260303_112830.jpg,TimePhoto_20260303_112830.jpg,11410644932_external_ifeay-uguayi-from-the-left-hands_TimePhoto_20260303_112830.jpg
11410644932,Ifeay Uguayi from the left hands,👍,internal,https://delteq-squad.monday.com/protected_static/8981894/resources/2798064269/TimePhoto_20260303_113039.jpg,TimePhoto_20260303_113039.jpg,11410644932_internal_ifeay-uguayi-from-the-left-hands_TimePhoto_20260303_113039.jpg
11410644932,Ifeay Uguayi from the left hands,👍,pole,https://delteq-squad.monday.com/protected_static/8981894/resources/2798065029/TimePhoto_20260303_112147.jpg,TimePhoto_20260303_112147.jpg,11410644932_pole_ifeay-uguayi-from-the-left-hands_TimePhoto_20260303_112147.jpg
11410823760,Amen Ebute continue from Ifeay Oguayi crescent to Muhammed Bello way wuye,👍,external,https://delteq-squad.monday.com/protected_static/8981894/resources/2798111633/TimePhoto_20260303_115452.jpg,TimePhoto_20260303_115452.jpg,11410823760_external_amen-ebute-continue-from-ifeay-oguayi-cr_TimePhoto_20260303_115452.jpg
11410823760,Amen Ebute continue from Ifeay Oguayi crescent to Muhammed Bello way wuye,👍,internal,https://delteq-squad.monday.com/protected_static/8981894/resources/2798112608/TimePhoto_20260303_115406.jpg,TimePhoto_20260303_115406.jpg,11410823760_internal_amen-ebute-continue-from-ifeay-oguayi-cr_TimePhoto_20260303_115406.jpg
11410823760,Amen Ebute continue from Ifeay Oguayi crescent to Muhammed Bello way wuye,👍,pole,https://delteq-squad.monday.com/protected_static/8981894/resources/2798113313/TimePhoto_20260303_115647.jpg,TimePhoto_20260303_115647.jpg,11410823760_pole_amen-ebute-continue-from-ifeay-oguayi-cr_TimePhoto_20260303_115647.jpg
11410831809,Ameh Ebute from Muhammad Bello way towards Ifeay Oguayi junction,👍,external,https://delteq-squad.monday.com/protected_static/8981894/resources/2798116766/TimePhoto_20260303_120040.jpg,TimePhoto_20260303_120040.jpg,11410831809_external_ameh-ebute-from-muhammad-bello-way-towar_TimePhoto_20260303_120040.jpg
11410831809,Ameh Ebute from Muhammad Bello way towards Ifeay Oguayi junction,👍,internal,https://delteq-squad.monday.com/protected_static/8981894/resources/2798117479/TimePhoto_20260303_120202.jpg,TimePhoto_20260303_120202.jpg,11410831809_internal_ameh-ebute-from-muhammad-bello-way-towar_TimePhoto_20260303_120202.jpg
11410831809,Ameh Ebute from Muhammad Bello way towards Ifeay Oguayi junction,👍,pole,https://delteq-squad.monday.com/protected_static/8981894/resources/2798118046/TimePhoto_20260303_120339.jpg,TimePhoto_20260303_120339.jpg,11410831809_pole_ameh-ebute-from-muhammad-bello-way-towar_TimePhoto_20260303_120339.jpg
11442558122,DAHIRU MUSTAPHA BLVd,👍,external,https://delteq-squad.monday.com/protected_static/8981894/resources/2807933178/TimePhoto_20260306_100412.jpg,TimePhoto_20260306_100412.jpg,11442558122_external_dahiru-mustapha-blvd_TimePhoto_20260306_100412.jpg
11442558122,DAHIRU MUSTAPHA BLVd,👍,internal,https://delteq-squad.monday.com/protected_static/8981894/resources/2807933858/TimePhoto_20260306_100722.jpg,TimePhoto_20260306_100722.jpg,11442558122_internal_dahiru-mustapha-blvd_TimePhoto_20260306_100722.jpg
11442558122,DAHIRU MUSTAPHA BLVd,👍,pole,https://delteq-squad.monday.com/protected_static/8981894/resources/2807934235/TimePhoto_20260306_100824.jpg,TimePhoto_20260306_100824.jpg,11442558122_pole_dahiru-mustapha-blvd_TimePhoto_20260306_100824.jpg
11442672946,DAHIRU MUSTAPHA BLVD sSECOND HAND,👍,external,https://delteq-squad.monday.com/protected_static/8981894/resources/2807968392/TimePhoto_20260306_102206.jpg,TimePhoto_20260306_102206.jpg,11442672946_external_dahiru-mustapha-blvd-ssecond-hand_TimePhoto_20260306_102206.jpg
11442672946,DAHIRU MUSTAPHA BLVD sSECOND HAND,👍,internal,https://delteq-squad.monday.com/protected_static/8981894/resources/2807969518/TimePhoto_20260306_102830.jpg,TimePhoto_20260306_102830.jpg,11442672946_internal_dahiru-mustapha-blvd-ssecond-hand_TimePhoto_20260306_102830.jpg
11442861033,GHALI NA'ABA CRESCENT,👍,external,https://delteq-squad.monday.com/protected_static/8981894/resources/2808011209/TimePhoto_20260306_110815.jpg,TimePhoto_20260306_110815.jpg,11442861033_external_ghali-na-aba-crescent_TimePhoto_20260306_110815.jpg
11442861033,GHALI NA'ABA CRESCENT,👍,external,https://delteq-squad.monday.com/protected_static/8981894/resources/2808028702/TimePhoto_20260306_111211.jpg,TimePhoto_20260306_111211.jpg,11442861033_external_ghali-na-aba-crescent_TimePhoto_20260306_111211.jpg
11442861033,GHALI NA'ABA CRESCENT,👍,internal,https://delteq-squad.monday.com/protected_static/8981894/resources/2808011785/TimePhoto_20260306_111140.jpg,TimePhoto_20260306_111140.jpg,11442861033_internal_ghali-na-aba-crescent_TimePhoto_20260306_111140.jpg
11442861033,GHALI NA'ABA CRESCENT,👍,internal,https://delteq-squad.monday.com/protected_static/8981894/resources/2808033957/TimePhoto_20260306_111219.jpg,TimePhoto_20260306_111219.jpg,11442861033_internal_ghali-na-aba-crescent_TimePhoto_20260306_111219.jpg
11442861033,GHALI NA'ABA CRESCENT,👍,pole,https://delteq-squad.monday.com/protected_static/8981894/resources/2808016438/TimePhoto_20260306_111458.jpg,TimePhoto_20260306_111458.jpg,11442861033_pole_ghali-na-aba-crescent_TimePhoto_20260306_111458.jpg
11443056145,JOHN CHUKWU CRESCENT,👍,external,https://delteq-squad.monday.com/protected_static/8981894/resources/2808083855/TimePhoto_20260306_111651.jpg,TimePhoto_20260306_111651.jpg,11443056145_external_john-chukwu-crescent_TimePhoto_20260306_111651.jpg
11443056145,JOHN CHUKWU CRESCENT,👍,internal,https://delteq-squad.monday.com/protected_static/8981894/resources/2808084318/TimePhoto_20260306_114222.jpg,TimePhoto_20260306_114222.jpg,11443056145_internal_john-chukwu-crescent_TimePhoto_20260306_114222.jpg
11443056145,JOHN CHUKWU CRESCENT,👍,pole,https://delteq-squad.monday.com/protected_static/8981894/resources/2808084930/TimePhoto_20260306_114607.jpg,TimePhoto_20260306_114607.jpg,11443056145_pole_john-chukwu-crescent_TimePhoto_20260306_114607.jpg
11443122667,JOHN CHUKWU CRESCENT SECOND SITE,👍,external,https://delteq-squad.monday.com/protected_static/8981894/resources/2808106519/TimePhoto_20260306_115527.jpg,TimePhoto_20260306_115527.jpg,11443122667_external_john-chukwu-crescent-second-site_TimePhoto_20260306_115527.jpg
11443122667,JOHN CHUKWU CRESCENT SECOND SITE,👍,internal,https://delteq-squad.monday.com/protected_static/8981894/resources/2808107176/TimePhoto_20260306_121846.jpg,TimePhoto_20260306_121846.jpg,11443122667_internal_john-chukwu-crescent-second-site_TimePhoto_20260306_121846.jpg
11443122667,JOHN CHUKWU CRESCENT SECOND SITE,👍,pole,https://delteq-squad.monday.com/protected_static/8981894/resources/2808107554/TimePhoto_20260306_122200.jpg,TimePhoto_20260306_122200.jpg,11443122667_pole_john-chukwu-crescent-second-site_TimePhoto_20260306_122200.jpg
11450799687,KING A.J TUNER CRESCENT,👍,external,https://delteq-squad.monday.com/protected_static/8981894/resources/2810350760/TimePhoto_20260307_103449.jpg,TimePhoto_20260307_103449.jpg,11450799687_external_king-a-j-tuner-crescent_TimePhoto_20260307_103449.jpg
11450799687,KING A.J TUNER CRESCENT,👍,internal,https://delteq-squad.monday.com/protected_static/8981894/resources/2810351162/TimePhoto_20260307_103733.jpg,TimePhoto_20260307_103733.jpg,11450799687_internal_king-a-j-tuner-crescent_TimePhoto_20260307_103733.jpg
11450799687,KING A.J TUNER CRESCENT,👍,pole,https://delteq-squad.monday.com/protected_static/8981894/resources/2810351312/TimePhoto_20260307_104107.jpg,TimePhoto_20260307_104107.jpg,11450799687_pole_king-a-j-tuner-crescent_TimePhoto_20260307_104107.jpg
11450797996,KING A.J TUNER CRESCENT 2ND SIDE OF THE ROAD,👍,external,https://delteq-squad.monday.com/protected_static/8981894/resources/2810356487/TimePhoto_20260307_105052.jpg,TimePhoto_20260307_105052.jpg,11450797996_external_king-a-j-tuner-crescent-2nd-side-of-the-_TimePhoto_20260307_105052.jpg
11450797996,KING A.J TUNER CRESCENT 2ND SIDE OF THE ROAD,👍,internal,https://delteq-squad.monday.com/protected_static/8981894/resources/2810356631/TimePhoto_20260307_105218.jpg,TimePhoto_20260307_105218.jpg,11450797996_internal_king-a-j-tuner-crescent-2nd-side-of-the-_TimePhoto_20260307_105218.jpg
11450797996,KING A.J TUNER CRESCENT 2ND SIDE OF THE ROAD,👍,pole,https://delteq-squad.monday.com/protected_static/8981894/resources/2810356736/TimePhoto_20260307_111347.jpg,TimePhoto_20260307_111347.jpg,11450797996_pole_king-a-j-tuner-crescent-2nd-side-of-the-_TimePhoto_20260307_111347.jpg
11450833949,M.B ALIYU MUSTAPHA BLVD,👍,external,https://delteq-squad.monday.com/protected_static/8981894/resources/2810369330/TimePhoto_20260307_113946.jpg,TimePhoto_20260307_113946.jpg,11450833949_external_m-b-aliyu-mustapha-blvd_TimePhoto_20260307_113946.jpg
11450833949,M.B ALIYU MUSTAPHA BLVD,👍,internal,https://delteq-squad.monday.com/protected_static/8981894/resources/2810369427/TimePhoto_20260307_114547.jpg,TimePhoto_20260307_114547.jpg,11450833949_internal_m-b-aliyu-mustapha-blvd_TimePhoto_20260307_114547.jpg
11450833949,M.B ALIYU MUSTAPHA BLVD,👍,pole,https://delteq-squad.monday.com/protected_static/8981894/resources/2810369487/TimePhoto_20260307_115329.jpg,TimePhoto_20260307_115329.jpg,11450833949_pole_m-b-aliyu-mustapha-blvd_TimePhoto_20260307_115329.jpg
11450882226,MB  ALIYU MUSTAPHA BLVD  SIDE 2,👍,external,https://delteq-squad.monday.com/protected_static/8981894/resources/2810383753/TimePhoto_20260307_115329.jpg,TimePhoto_20260307_115329.jpg,11450882226_external_mb-aliyu-mustapha-blvd-side-2_TimePhoto_20260307_115329.jpg
11450882226,MB  ALIYU MUSTAPHA BLVD  SIDE 2,👍,internal,https://delteq-squad.monday.com/protected_static/8981894/resources/2810383939/TimePhoto_20260307_121049.jpg,TimePhoto_20260307_121049.jpg,11450882226_internal_mb-aliyu-mustapha-blvd-side-2_TimePhoto_20260307_121049.jpg
11450882226,MB  ALIYU MUSTAPHA BLVD  SIDE 2,👍,pole,https://delteq-squad.monday.com/protected_static/8981894/resources/2810384031/TimePhoto_20260307_125328.jpg,TimePhoto_20260307_125328.jpg,11450882226_pole_mb-aliyu-mustapha-blvd-side-2_TimePhoto_20260307_125328.jpg
11450944612,Ken Namani crescent,👍,external,https://delteq-squad.monday.com/protected_static/8981894/resources/2810394758/TimePhoto_20260307_132751.jpg,TimePhoto_20260307_132751.jpg,11450944612_external_ken-namani-crescent_TimePhoto_20260307_132751.jpg
11450944612,Ken Namani crescent,👍,internal,https://delteq-squad.monday.com/protected_static/8981894/resources/2810394828/TimePhoto_20260307_132340.jpg,TimePhoto_20260307_132340.jpg,11450944612_internal_ken-namani-crescent_TimePhoto_20260307_132340.jpg
11450944612,Ken Namani crescent,👍,pole,https://delteq-squad.monday.com/protected_static/8981894/resources/2810395062/TimePhoto_20260307_132056.jpg,TimePhoto_20260307_132056.jpg,11450944612_pole_ken-namani-crescent_TimePhoto_20260307_132056.jpg
11450948321,Ken Namani crescent side 2,👍,external,https://delteq-squad.monday.com/protected_static/8981894/resources/2810395529/TimePhoto_20260307_130820.jpg,TimePhoto_20260307_130820.jpg,11450948321_external_ken-namani-crescent-side-2_TimePhoto_20260307_130820.jpg
11450948321,Ken Namani crescent side 2,👍,internal,https://delteq-squad.monday.com/protected_static/8981894/resources/2810395636/TimePhoto_20260307_130940.jpg,TimePhoto_20260307_130940.jpg,11450948321_internal_ken-namani-crescent-side-2_TimePhoto_20260307_130940.jpg
11450948321,Ken Namani crescent side 2,👍,pole,https://delteq-squad.monday.com/protected_static/8981894/resources/2810395855/TimePhoto_20260307_131546.jpg,TimePhoto_20260307_131546.jpg,11450948321_pole_ken-namani-crescent-side-2_TimePhoto_20260307_131546.jpg
11450955234,KABIRU USMAN STREET,👍,external,https://delteq-squad.monday.com/protected_static/8981894/resources/2810399678/TimePhoto_20260307_134706.jpg,TimePhoto_20260307_134706.jpg,11450955234_external_kabiru-usman-street_TimePhoto_20260307_134706.jpg
11450955234,KABIRU USMAN STREET,👍,internal,https://delteq-squad.monday.com/protected_static/8981894/resources/2810399724/TimePhoto_20260307_134601.jpg,TimePhoto_20260307_134601.jpg,11450955234_internal_kabiru-usman-street_TimePhoto_20260307_134601.jpg
11450955234,KABIRU USMAN STREET,👍,pole,https://delteq-squad.monday.com/protected_static/8981894/resources/2810399848/TimePhoto_20260307_134508.jpg,TimePhoto_20260307_134508.jpg,11450955234_pole_kabiru-usman-street_TimePhoto_20260307_134508.jpg
11450966522,KABIRU USMAN STREET  SIDE 2,👍,external,https://delteq-squad.monday.com/protected_static/8981894/resources/2810400578/TimePhoto_20260307_134138.jpg,TimePhoto_20260307_134138.jpg,11450966522_external_kabiru-usman-street-side-2_TimePhoto_20260307_134138.jpg
11450966522,KABIRU USMAN STREET  SIDE 2,👍,internal,https://delteq-squad.monday.com/protected_static/8981894/resources/2810400641/TimePhoto_20260307_134320.jpg,TimePhoto_20260307_134320.jpg,11450966522_internal_kabiru-usman-street-side-2_TimePhoto_20260307_134320.jpg
11450966522,KABIRU USMAN STREET  SIDE 2,👍,pole,https://delteq-squad.monday.com/protected_static/8981894/resources/2810400799/TimePhoto_20260307_134344.jpg,TimePhoto_20260307_134344.jpg,11450966522_pole_kabiru-usman-street-side-2_TimePhoto_20260307_134344.jpg
11452867741,R.I OZUMA STREET,👍,external,https://delteq-squad.monday.com/protected_static/8981894/resources/2811031488/TimePhoto_20260308_110019.jpg,TimePhoto_20260308_110019.jpg,11452867741_external_r-i-ozuma-street_TimePhoto_20260308_110019.jpg
11452867741,R.I OZUMA STREET,👍,internal,https://delteq-squad.monday.com/protected_static/8981894/resources/2811031795/TimePhoto_20260308_110718.jpg,TimePhoto_20260308_110718.jpg,11452867741_internal_r-i-ozuma-street_TimePhoto_20260308_110718.jpg
11452867741,R.I OZUMA STREET,👍,pole,https://delteq-squad.monday.com/protected_static/8981894/resources/2811032111/TimePhoto_20260308_111324.jpg,TimePhoto_20260308_111324.jpg,11452867741_pole_r-i-ozuma-street_TimePhoto_20260308_111324.jpg
11452899308,MUHAMMAD M BELLO WAY,👍notes?,external,https://delteq-squad.monday.com/protected_static/8981894/resources/2811051527/TimePhoto_20260308_114600.jpg,TimePhoto_20260308_114600.jpg,11452899308_external_muhammad-m-bello-way_TimePhoto_20260308_114600.jpg
11452899308,MUHAMMAD M BELLO WAY,👍notes?,internal,https://delteq-squad.monday.com/protected_static/8981894/resources/2811052327/TimePhoto_20260308_114022.jpg,TimePhoto_20260308_114022.jpg,11452899308_internal_muhammad-m-bello-way_TimePhoto_20260308_114022.jpg
11452899308,MUHAMMAD M BELLO WAY,👍notes?,pole,https://delteq-squad.monday.com/protected_static/8981894/resources/2811052986/TimePhoto_20260308_113243.jpg,TimePhoto_20260308_113243.jpg,11452899308_pole_muhammad-m-bello-way_TimePhoto_20260308_113243.jpg
11452935063,Muhammad M BELLO WAY  2nd side,👍,external,https://delteq-squad.monday.com/protected_static/8981894/resources/2811070725/TimePhoto_20260308_120659.jpg,TimePhoto_20260308_120659.jpg,11452935063_external_muhammad-m-bello-way-2nd-side_TimePhoto_20260308_120659.jpg
11452935063,Muhammad M BELLO WAY  2nd side,👍,internal,https://delteq-squad.monday.com/protected_static/8981894/resources/2811070889/TimePhoto_20260308_120256.jpg,TimePhoto_20260308_120256.jpg,11452935063_internal_muhammad-m-bello-way-2nd-side_TimePhoto_20260308_120256.jpg
11452935063,Muhammad M BELLO WAY  2nd side,👍,pole,https://delteq-squad.monday.com/protected_static/8981894/resources/2811071022/TimePhoto_20260308_115517.jpg,TimePhoto_20260308_115517.jpg,11452935063_pole_muhammad-m-bello-way-2nd-side_TimePhoto_20260308_115517.jpg
11452972417,R.I  OZUMA STREET 2ND SIDE,👍,external,https://delteq-squad.monday.com/protected_static/8981894/resources/2811088773/TimePhoto_20260308_123103.jpg,TimePhoto_20260308_123103.jpg,11452972417_external_r-i-ozuma-street-2nd-side_TimePhoto_20260308_123103.jpg
11452972417,R.I  OZUMA STREET 2ND SIDE,👍,internal,https://delteq-squad.monday.com/protected_static/8981894/resources/2811088881/TimePhoto_20260308_122240.jpg,TimePhoto_20260308_122240.jpg,11452972417_internal_r-i-ozuma-street-2nd-side_TimePhoto_20260308_122240.jpg
11452972417,R.I  OZUMA STREET 2ND SIDE,👍,pole,https://delteq-squad.monday.com/protected_static/8981894/resources/2811089079/TimePhoto_20260308_121710.jpg,TimePhoto_20260308_121710.jpg,11452972417_pole_r-i-ozuma-street-2nd-side_TimePhoto_20260308_121710.jpg
11456627880,OLUSEGUN OBASANJO WAY,👍,external,https://delteq-squad.monday.com/protected_static/8981894/resources/2812078600/TimePhoto_20260309_102652.jpg,TimePhoto_20260309_102652.jpg,11456627880_external_olusegun-obasanjo-way_TimePhoto_20260309_102652.jpg
11456627880,OLUSEGUN OBASANJO WAY,👍,internal,https://delteq-squad.monday.com/protected_static/8981894/resources/2812079054/TimePhoto_20260309_103459.jpg,TimePhoto_20260309_103459.jpg,11456627880_internal_olusegun-obasanjo-way_TimePhoto_20260309_103459.jpg
11456627880,OLUSEGUN OBASANJO WAY,👍,pole,https://delteq-squad.monday.com/protected_static/8981894/resources/2812080934/TimePhoto_20260309_103636.jpg,TimePhoto_20260309_103636.jpg,11456627880_pole_olusegun-obasanjo-way_TimePhoto_20260309_103636.jpg
11456773132,OLUSEGUN OBASANJO WAY,👍,external,https://delteq-squad.monday.com/protected_static/8981894/resources/2812137876/TimePhoto_20260309_111137.jpg,TimePhoto_20260309_111137.jpg,11456773132_external_olusegun-obasanjo-way_TimePhoto_20260309_111137.jpg
11456773132,OLUSEGUN OBASANJO WAY,👍,internal,https://delteq-squad.monday.com/protected_static/8981894/resources/2812139921/TimePhoto_20260309_110347.jpg,TimePhoto_20260309_110347.jpg,11456773132_internal_olusegun-obasanjo-way_TimePhoto_20260309_110347.jpg
11456773132,OLUSEGUN OBASANJO WAY,👍,pole,https://delteq-squad.monday.com/protected_static/8981894/resources/2812140353/TimePhoto_20260309_104234.jpg,TimePhoto_20260309_104234.jpg,11456773132_pole_olusegun-obasanjo-way_TimePhoto_20260309_104234.jpg
11456937863,Babafemi Ogundipe BLVD,👍,external,https://delteq-squad.monday.com/protected_static/8981894/resources/2812196680/TimePhoto_20260309_114547.jpg,TimePhoto_20260309_114547.jpg,11456937863_external_babafemi-ogundipe-blvd_TimePhoto_20260309_114547.jpg
11456937863,Babafemi Ogundipe BLVD,👍,internal,https://delteq-squad.monday.com/protected_static/8981894/resources/2812197189/TimePhoto_20260309_113810.jpg,TimePhoto_20260309_113810.jpg,11456937863_internal_babafemi-ogundipe-blvd_TimePhoto_20260309_113810.jpg
11457238077,CHIGOZIE OKORAFOR. W CRESCENT,???,external,https://delteq-squad.monday.com/protected_static/8981894/resources/2812282409/TimePhoto_20260309_123920.jpg,TimePhoto_20260309_123920.jpg,11457238077_external_chigozie-okorafor-w-crescent_TimePhoto_20260309_123920.jpg
11457238077,CHIGOZIE OKORAFOR. W CRESCENT,???,internal,https://delteq-squad.monday.com/protected_static/8981894/resources/2812283072/TimePhoto_20260309_123312.jpg,TimePhoto_20260309_123312.jpg,11457238077_internal_chigozie-okorafor-w-crescent_TimePhoto_20260309_123312.jpg
11457238077,CHIGOZIE OKORAFOR. W CRESCENT,???,pole,https://delteq-squad.monday.com/protected_static/8981894/resources/2812283774/TimePhoto_20260309_122832.jpg,TimePhoto_20260309_122832.jpg,11457238077_pole_chigozie-okorafor-w-crescent_TimePhoto_20260309_122832.jpg
11457306818,CHIGOZIE OKORAFOR. W CRESCENT  2nd Side,???,external,https://delteq-squad.monday.com/protected_static/8981894/resources/2812305053/TimePhoto_20260309_125438.jpg,TimePhoto_20260309_125438.jpg,11457306818_external_chigozie-okorafor-w-crescent-2nd-side_TimePhoto_20260309_125438.jpg
11457306818,CHIGOZIE OKORAFOR. W CRESCENT  2nd Side,???,internal,https://delteq-squad.monday.com/protected_static/8981894/resources/2812305948/TimePhoto_20260309_125215.jpg,TimePhoto_20260309_125215.jpg,11457306818_internal_chigozie-okorafor-w-crescent-2nd-side_TimePhoto_20260309_125215.jpg
11457306818,CHIGOZIE OKORAFOR. W CRESCENT  2nd Side,???,pole,https://delteq-squad.monday.com/protected_static/8981894/resources/2812306859/TimePhoto_20260309_125134.jpg,TimePhoto_20260309_125134.jpg,11457306818_pole_chigozie-okorafor-w-crescent-2nd-side_TimePhoto_20260309_125134.jpg
11457625457,BABAFEMI OGUNDIPE CRESCENT 2ND SIDE,👍,external,https://delteq-squad.monday.com/protected_static/8981894/resources/2812387668/TimePhoto_20260309_130243.jpg,TimePhoto_20260309_130243.jpg,11457625457_external_babafemi-ogundipe-crescent-2nd-side_TimePhoto_20260309_130243.jpg
11457625457,BABAFEMI OGUNDIPE CRESCENT 2ND SIDE,👍,internal,https://delteq-squad.monday.com/protected_static/8981894/resources/2812388579/TimePhoto_20260309_130546.jpg,TimePhoto_20260309_130546.jpg,11457625457_internal_babafemi-ogundipe-crescent-2nd-side_TimePhoto_20260309_130546.jpg
11457625457,BABAFEMI OGUNDIPE CRESCENT 2ND SIDE,👍,pole,https://delteq-squad.monday.com/protected_static/8981894/resources/2812389167/TimePhoto_20260309_132448.jpg,TimePhoto_20260309_132448.jpg,11457625457_pole_babafemi-ogundipe-crescent-2nd-side_TimePhoto_20260309_132448.jpg
11467493905,Untamed Road,👍,external,https://delteq-squad.monday.com/protected_static/8981894/resources/2815606873/TimePhoto_20260309_131321.jpg,TimePhoto_20260309_131321.jpg,11467493905_external_untamed-road_TimePhoto_20260309_131321.jpg
11467493905,Untamed Road,👍,internal,https://delteq-squad.monday.com/protected_static/8981894/resources/2815608215/TimePhoto_20260309_131750.jpg,TimePhoto_20260309_131750.jpg,11467493905_internal_untamed-road_TimePhoto_20260309_131750.jpg
11467493905,Untamed Road,👍,pole,https://delteq-squad.monday.com/protected_static/8981894/resources/2815613675/TimePhoto_20260310_101929.jpg,TimePhoto_20260310_101929.jpg,11467493905_pole_untamed-road_TimePhoto_20260310_101929.jpg
11467522250,JAMES IBONG CLOSE,👍,external,https://delteq-squad.monday.com/protected_static/8981894/resources/2815624655/TimePhoto_20260310_103134.jpg,TimePhoto_20260310_103134.jpg,11467522250_external_james-ibong-close_TimePhoto_20260310_103134.jpg
11467522250,JAMES IBONG CLOSE,👍,internal,https://delteq-squad.monday.com/protected_static/8981894/resources/2815625118/TimePhoto_20260310_102928.jpg,TimePhoto_20260310_102928.jpg,11467522250_internal_james-ibong-close_TimePhoto_20260310_102928.jpg
11467522250,JAMES IBONG CLOSE,👍,pole,https://delteq-squad.monday.com/protected_static/8981894/resources/2815625410/TimePhoto_20260310_102820.jpg,TimePhoto_20260310_102820.jpg,11467522250_pole_james-ibong-close_TimePhoto_20260310_102820.jpg
11467581950,JAMES IBONG SIDE 2,???,external,https://delteq-squad.monday.com/protected_static/8981894/resources/2815639891/TimePhoto_20260310_104006.jpg,TimePhoto_20260310_104006.jpg,11467581950_external_james-ibong-side-2_TimePhoto_20260310_104006.jpg
11467581950,JAMES IBONG SIDE 2,???,internal,https://delteq-squad.monday.com/protected_static/8981894/resources/2815640164/TimePhoto_20260310_103858.jpg,TimePhoto_20260310_103858.jpg,11467581950_internal_james-ibong-side-2_TimePhoto_20260310_103858.jpg
11467581950,JAMES IBONG SIDE 2,???,pole,https://delteq-squad.monday.com/protected_static/8981894/resources/2815640722/TimePhoto_20260310_103553.jpg,TimePhoto_20260310_103553.jpg,11467581950_pole_james-ibong-side-2_TimePhoto_20260310_103553.jpg
11467691932,Untamed Road,???,external,https://delteq-squad.monday.com/protected_static/8981894/resources/2815675819/TimePhoto_20260310_105901.jpg,TimePhoto_20260310_105901.jpg,11467691932_external_untamed-road_TimePhoto_20260310_105901.jpg
11467691932,Untamed Road,???,internal,https://delteq-squad.monday.com/protected_static/8981894/resources/2815676092/TimePhoto_20260310_105648.jpg,TimePhoto_20260310_105648.jpg,11467691932_internal_untamed-road_TimePhoto_20260310_105648.jpg
11467691932,Untamed Road,???,pole,https://delteq-squad.monday.com/protected_static/8981894/resources/2815677739/TimePhoto_20260310_105344.jpg,TimePhoto_20260310_105344.jpg,11467691932_pole_untamed-road_TimePhoto_20260310_105344.jpg
11467964983,IFEAYIN OGUAYI CRESCENT,👍,external,https://delteq-squad.monday.com/protected_static/8981894/resources/2815836106/TimePhoto_20260310_115451.jpg,TimePhoto_20260310_115451.jpg,11467964983_external_ifeayin-oguayi-crescent_TimePhoto_20260310_115451.jpg
11467964983,IFEAYIN OGUAYI CRESCENT,👍,internal,https://delteq-squad.monday.com/protected_static/8981894/resources/2815837312/TimePhoto_20260310_115220.jpg,TimePhoto_20260310_115220.jpg,11467964983_internal_ifeayin-oguayi-crescent_TimePhoto_20260310_115220.jpg
11467964983,IFEAYIN OGUAYI CRESCENT,👍,pole,https://delteq-squad.monday.com/protected_static/8981894/resources/2815838529/TimePhoto_20260310_115015.jpg,TimePhoto_20260310_115015.jpg,11467964983_pole_ifeayin-oguayi-crescent_TimePhoto_20260310_115015.jpg
11467967363,IFEAYIN OGUAYI SIDE 2,👍,external,https://delteq-squad.monday.com/protected_static/8981894/resources/2815842100/TimePhoto_20260310_114916.jpg,TimePhoto_20260310_114916.jpg,11467967363_external_ifeayin-oguayi-side-2_TimePhoto_20260310_114916.jpg
11467967363,IFEAYIN OGUAYI SIDE 2,👍,internal,https://delteq-squad.monday.com/protected_static/8981894/resources/2815843238/TimePhoto_20260310_114740.jpg,TimePhoto_20260310_114740.jpg,11467967363_internal_ifeayin-oguayi-side-2_TimePhoto_20260310_114740.jpg
11467967363,IFEAYIN OGUAYI SIDE 2,👍,pole,https://delteq-squad.monday.com/protected_static/8981894/resources/2815844314/TimePhoto_20260310_114621.jpg,TimePhoto_20260310_114621.jpg,11467967363_pole_ifeayin-oguayi-side-2_TimePhoto_20260310_114621.jpg
